topik,URL,Title,Question,Question Date,Answer,Answer Date,By Doctor
gangguan tidur berjalan,https://www.alodokter.com/komunitas/topic/sudah-pindah-tempat-saat-terbangun,Tidak menyadari ketika sedang tidur berpindah tempat,"""\n\u003cp\u003eSelamat pagi dok.Saya ingin bertanya sudah 2 hari ini , saya benar benar tidak berasa pindah tempat saat tidur.Jadi ketika malam hari sekitar jam 11 atau 12 saya sudah tidur di ruang tamu karena istri sedang menidurkan anak.. heran nya saat saya terbangun mendengar anak menangis saya sudah ada dikamar.. tapi ini benar benar saya tidak berasa istri membangunkan saya untuk pindah ke kamar.. istri bilang saya dibangunkan dan lansung ke kamar.. Apakah ini gejala penyakit atau hanya terlalu cape kurang istirahat dok?Terimakasih\u003c/p\u003e\n""","26 Desember 2019, 09:04","""\n\u003cp\u003eSalam Alodokter,\u003cbr\u003eTerima kasih sudah bertanya di alodokter.\u003cbr\u003eAdanya keluhan tidak mengingat dan menyadari bahwa Anda dibangunkan dan berpindah tempat tidur, merupakan suatu kondisi yang sering dialami oleh individu. Pada umumnya, pada saat Anda memang terbiasa tidur dikamar, namun suatu waktu harus dibangunkan (namun tidak ingat kalau dibangunkan) dan Anda berpindah tanpa mengingatnya, maka sering dipicu oleh kelelahan fisik yang Anda rasakan hari itu atau beberapa hari sebelumnya. Pada saat anda merasakan kelelahan, mungkin Anda tertidur saat lihat TV atau membaca karena kelelahan, maka terkadangan hal ini tidak disadari dan tidak diingat bila Anda saat itu berjalan dan berpindah tempat. Sehingga bila hal ini terjadi satu atau beberapa kali dan tidak sering terjadi dan tidak sering berulang, maka hal ini merupakan hal yang wajar. Seperti halnya pada seorang yang mengigau di saat tidur, namun tidak mengingat igauan saat terbangun. KOndisi ini merupakan proses pada otak saat Anda masuk dalam fase tidur tertentu. Oleh karena itu, jagalah keseimbangan stamina dan kebutuhan tidur Anda dalam waktu yang baik dan cukup untuk Anda, jangan memaksakan diri saat Anda merasakan kelelahan fisik yang berlebihan.\u003cbr\u003eBila keluhan berjalan dan berpindah tempat ini sering terjadi dan Anda tidak ingat maka kondisi ini juga dapat disebut juga dengan parasomnia. \u003ca href=\""http://sleepeducation.org/sleep-disorders-by-category/parasomnias\""\u003eParasomnia \u003c/a\u003esendiri merupakan suatu gangguan tidur yang disertai dengan kejadian yang tidak diharapkan, atau pengalaman yang tidak diharapkan saat Anda mau baru tidur, saat tidur, atau terbangun dari tidur. Kejadian parasomnia salah satunya dapat berupa sleepwalking, dimana Anda berjalan, bergerak dari tempat Anda tidur ke tempat lain dan tidak mengingatnya. Pada kondisi yang tidak menghawatirkan, sleepwalking dapat berlari dan membahayakan dirinya terhadap lingkungannya. Sehingga menjaga kondisi stamina dan memenuhi kebutuhan tidur dengan baik dapat membantu mengurangi keluhan ini. \u003cbr\u003eBeberapa faktor risiko dapat meningkatkan kejadian sleepwalking, seperti:\u003cbr\u003e1. stres\u003cbr\u003e2. riwayat cedera kepala\u003cbr\u003e3. gangguan tiroid\u003cbr\u003e4. gangguan tidur lain\u003cbr\u003e5. obat-obatan\u003cbr\u003e6. alkohol atau penyalah gunaan obat\u003cbr\u003e7. riwayat stroke\u003cbr\u003eBila keluhan ini sering Anda rasakan atau alami, maka sebaiknya Anda mempertimbangkan untuk berkonsultasi dengan \u003ca href=\""https://www.alodokter.com/cari-dokter/ahli-saraf\""\u003edokter \u003c/a\u003espesialis saraf anda berkaitan dengan keluhan gangguan tidur ini. Terutama bila kondisi ini semakin membuat Anda cemas. Namun, bila kondisi ini terjadi sangat jarang dan tidak membuat Anda khawatir, maka meminta bantuan istri atau anggota keluarga Anda untuk mengobservasi dan mengevalusi keluhan ini akan membantu mengetahui ada tidaknya risiko dan frekuensi kejadian keluhan ini. Namun, secara umum, kondisi ini masih dalam batas wajar kecuali dokter saraf anda mengatakan yang berbeda.\u003cbr\u003eUntuk membantu mencegah keluhan ini, beberapa hal perlu Anda usahakan, seperti:\u003cbr\u003e1. tidur bila Anda mengantuk\u003cbr\u003e2. tidurlah di tempat tidur di saat jam tidur\u003cbr\u003e3. hindari stres\u003cbr\u003e4. lakukan olah raga rutin\u003cbr\u003eDemikian info yang bisa kami sampaikan.\u003cbr\u003eTerima kasih.\u003c/p\u003e\n""","26 Desember 2019, 11:07",dr. Ulfi Umroni
gangguan tidur berjalan,https://www.alodokter.com/komunitas/topic/apa-itu-sleepwalking-dan-bisakah-di-sembuhkan-,Apa itu sleepwalking dan bisakah di sembuhkan?,"""\u003cp\u003eAlodokter, dok suami saya punya kebiasaan aneh, tiap malam dia sering tidak sadar melakukan hal ketika ia tidur malam, seperti tiba2 berjalan ke dapur, ke sofa untuk duduk, mengangkat telfon, dan berbicara apa yg kita tanyakan, ketika pagi kita tanya dia bilang tidak ingat sama sekali dan bilang tidak merasa melakukan itu. itu kenapa ya dok ? Penyebab atau gejala apa ? Dan bagaimana mengatasinya ? ada yg bilang ini sleepwalking. itu apa dokter?\u003c/p\u003e""","21 Mei 2024, 09:13","""\n\n\u003cp\u003eAlo, terimakasih atas pertanyaannya.\u003c/p\u003e\n\u003cp\u003e\u003c/p\u003e\n\u003cp\u003eMemang benar, kondisi suami Anda yang kerap berjalan dan melakukan kegiatan tertentu saat tidur bisa menandakan penyakit tidur berjalan (\u003ca href=\""https://www.alodokter.com/gangguan-tidur-berjalan\""\u003e\u003cem\u003esleep walking\u003c/em\u003e\u003c/a\u003e, somnabulisme). Jika terjadi pada anak-anak dan sembuh sendiri saat dewasa, umumnya hal ini tidaklah berbahaya. Namun memang, bukan tidak mungkin kondisi ini berlanjut terus hingga dewasa, terlebih karena kelelahan beraktifitas, pola tidur tidak teratur, insomnia, stres berat, mabuk, efek samping pengobatan, bahkan juga penyakit-penyakit tertentu, misalnya GERD, apnea tidur, asma, sindrom kaki gelisah, dan sebagainya.\u003c/p\u003e\n\u003cp\u003eMeski tidak selalu berbahaya, kondisi suami Anda sebaiknya tetap ditangani agar tidak membuatnya menciderai dirinya sendiri atau orang lain di sekitarnya akibat melakukan aktifitas tanpa disadari. Untuk itu, Anda bisa dampingi ia periksa ke \u003ca href=\""https://www.alodokter.com/cari-dokter/psikolog\""\u003epsikolog \u003c/a\u003eatau \u003ca href=\""https://www.alodokter.com/cari-dokter/dokter-jiwa\""\u003epsikiater \u003c/a\u003eterdekat, sembari arahkan juga ia untuk:\u003c/p\u003e\n\u003cul\u003e\n\u003cli\u003eMembuat jadwal tidur dan bangun yang teratur setiap harinya, tidurlah setidaknya 6-9 jam setiap hari, jangan tidur terlalu larut malam\u003c/li\u003e\n\u003cli\u003eJauhi rokok, alkohol, dan NAPZA\u003c/li\u003e\n\u003cli\u003eTidak meminum sembarang obat atau herba\u003c/li\u003e\n\u003cli\u003eKelola stres dengan baik, perbanyak meditasi\u003c/li\u003e\n\u003cli\u003ePerbaiki kualitas tidur, yakni dengan:\u003cul\u003e\n\u003cli\u003eMengkondisikan kamar agar nyaman, redup, dan tidak bising\u003c/li\u003e\n\u003cli\u003eBiasakan buang air kecil terlebih dulu sebelum tidur\u003c/li\u003e\n\u003cli\u003eJangan juga makan dan minum berlebihan saat akan tidur, terlebih makanan yang terlalu pedas, berlemak, dan minuman berkafein\u003c/li\u003e\n\u003cli\u003eGunakan pakaian tidur yang nyaman\u003c/li\u003e\n\u003cli\u003eTidak melakukan aktifitas fisik yang terlalu lelah mendekati waktunya tidur\u003c/li\u003e\n\u003cli\u003eLakukan aktifitas sebelum tidur yang membuat pikiran Anda rileks, misalnya dengan mandi air hangat, membaca buku yang ringan, berdoa, mendengarkan lantunan yang berirama lembut\u003c/li\u003e\n\u003c/ul\u003e\n\u003c/li\u003e\n\u003c/ul\u003e\n\u003cp\u003eSemoga membantu ya..\u003c/p\u003e\n\n""","21 Mei 2024, 16:34",dr. Nadia Nurotul Fuadah
gangguan tidur berjalan,https://www.alodokter.com/komunitas/topic/terbangun-dalam-posisi-setengah-sadar-,Terbangun dalam posisi setengah sadar dalam posisi berjalan,"""\n\n\u003cp\u003ePagi dok Sebelum nya maaf saya ceritakan dulu Akhir akhir ini setelah bangun pagi dari Sahur saya selalu terbangun dalam posisi setengah tidak sadar, badan bergerak dan berjalan sendiri, padahal di posisi itu saya dalam keadan masih dalam tidur seperti dalam mimpi Temen saya bilang saya diajak ngobrol tidak respon, ngomong\"" sendiri seperti tidak waras, dan baru sadar ketika mukak saya disemprot air, ketika sadar kepala jadi berat sedikit pusingPertanyaan nya apakah itu sejenis penyakit/saya kurang tidur dok ?Terimakasih\u003c/p\u003e\n""","16 Mei 2020, 08:17","""\n\n\u003cp\u003eSelamat siang. Terimakasih sudah bertanya ke alodokter\u003c/p\u003e\n\u003cp\u003e\u003ca href=\""https://www.alodokter.com/gangguan-tidur-berjalan\""\u003eKondisi tidur berjala\u003c/a\u003en bisa disebut sebagai somnabulisme dimana hal ini bisa terjadi pada seseorang saat kondisi tidur . Hal ini termasuk sebagai salah satu gangguan tidur yang bisa berkaitan dengan kondisi psikologis. Beberapa gejala yang terjadi adalah\u003c/p\u003e\n\u003col\u003e\n\u003cli\u003eBerjalan tanpa sadar\u003c/li\u003e\n\u003cli\u003eDisapa tidak respon\u003c/li\u003e\n\u003cli\u003eBisa terjadi meracau\u003c/li\u003e\n\u003c/ol\u003e\n\u003cp\u003eBeberapa yang menjadi penyebab biasanya adlaah\u003c/p\u003e\n\u003col\u003e\n\u003cli\u003eGenetic\u003c/li\u003e\n\u003cli\u003eKondisi kelelahan\u003c/li\u003e\n\u003cli\u003eStress\u003c/li\u003e\n\u003cli\u003eJadwal tidur tidak teratur\u003c/li\u003e\n\u003c/ol\u003e\n\u003cp\u003eHal ini bisa diatasi dengan beberapa hal seperti\u003c/p\u003e\n\u003col\u003e\n\u003cli\u003eHindari stress\u003c/li\u003e\n\u003cli\u003eLakukan relaksasi\u003c/li\u003e\n\u003cli\u003eBuat jadwal tidur yang teratur\u003c/li\u003e\n\u003c/ol\u003e\n\u003cp\u003eDemikian Informasi Semoga bermanfaat\u003c/p\u003e\n\n""","16 Mei 2020, 13:16",dr. Florentina Priscilia
gangguan tidur berjalan,https://www.alodokter.com/komunitas/topic/ikut-terganggu-tidur-karena-suami-suka-mengigau,Mengatasi sering mengigau setiap tidur selama bertahun-tahun,"""\n\n\u003cp\u003eSy seorg istri yg sdh menikah 20th. Dan selama 20th, suami sy cukup sering mengigau dr hanya berkata2 bahkan pernah beberapa kali berjalan spt mau melakukan buang air kecil tp tdk pd temptnya. Tetapi lebih sering, mengigau marah2 dgn suara keras atau kdg jg di sertai memukul seakan2 memukul seseorg. Jujur sy merasa terganggu, dan ikut terganggu tdr sy. Krn bila sy tau dia sedang suntuk, walau ngantuk sy menahannya utk tdr menjelang pagi. Mimpinya kdg aneh2 spt sy meninggal smp mengigau nangis2, ada pencuri sehingga memukul dan menendang, dan krn sy yg tdr di sampingnya, tentu sy jd korban. Apa yg hrs sy lakukan ya Dokter, sy tau suami sy tdk bagus dlm management emosi / emosi tdk stabil tp jg tdk mau terbuka sepenuhnya thd masalahnya? Apa suami sy sdh termasuk sakit mentalnya? Mungkin dokter bs ksh saran. Terima kasih.\u003c/p\u003e\n""","29 Oktober 2020, 05:58","""\n\n\u003cp\u003eAlo Miyu,\u003c/p\u003e\n\u003cp\u003eTerima kasih atas pertanyaannya.\u003c/p\u003e\n\u003cp\u003eBerdasarkan dari keluhan yang Anda sampaikan, berikut merupakan kemungkinan penyebab dari kondisi yang dialami oleh suami Anda:\u003c/p\u003e\n\u003cul\u003e\n\u003cli\u003e\n\u003ca href=\""https://www.alodokter.com/gangguan-tidur\""\u003e\u003cem\u003eNightmare\u003c/em\u003e\u003c/a\u003e\u003ca href=\""https://www.alodokter.com/gangguan-tidur\""\u003eatau\u003c/a\u003e\u003ca href=\""https://www.alodokter.com/gangguan-tidur\""\u003e\u003cem\u003esleep terror\u003c/em\u003e\u003c/a\u003e\u003ca href=\""https://www.alodokter.com/gangguan-tidur\""\u003e.\u003c/a\u003e\n\u003c/li\u003e\n\u003cli\u003e\u003ca href=\""https://www.alodokter.com/gangguan-tidur-berjalan#:~:text=Penyakit%20tidur%20berjalan%20atau%20somnabulisme,sering%20terjadi%20pada%20anak%2Danak.\""\u003eSomnabulisme atau tidur berjalan.\u003c/a\u003e\u003c/li\u003e\n\u003cli\u003eKejang.\u003c/li\u003e\n\u003cli\u003eGangguan psikiatri seperti gangguan cemas menyeluruh, atau skizofrenia.\u003c/li\u003e\n\u003c/ul\u003e\n\u003cp\u003eUntuk dapat mendiagnosis adanya gangguan tidur, perlu dilakukan evaluasi mendalam terkait dengan riwayat keluhan, pemeriksaan fisik, dan pemeriksaan penunjang seperti EEG atau polisomnografi untuk menyingkirkan kondisi medis fisik lainya. Sebaiknya, Anda dan suami berkonsultasi ke \u003ca href=\""https://www.alodokter.com/cari-dokter/dokter-jiwa#:~:text=Psikiater%20adalah%20seorang%20dokter%20spesialis,emosional%2C%20kejiwaan%2C%20maupun%20perilaku.\""\u003edokter spesialis jiwa\u003c/a\u003e terkait hal ini, sehingga dokter dapat mengevaluasi kondisi yang dialami oleh suami Anda secara lengkap, sehingga dokter dapat memberikan tatalaksana sesuai dengan keluhan, misalnya dengan pengobatan, atau dengan psikoterapi.\u003c/p\u003e\n\u003cp\u003eSelain itu, berikut merupakan anjuran yang dapat Anda dan suami lakukan, seperti:\u003c/p\u003e\n\u003cul\u003e\n\u003cli\u003eMenghindari aktivitas berat seperti olahraga dan makan berat sekitar 1 jam sebelum tidur.\u003c/li\u003e\n\u003cli\u003eMenghindari paparan\u003cem\u003egadget\u003c/em\u003eminimal 1 jam sebelum tidur.\u003c/li\u003e\n\u003cli\u003eMembuat lingkungan kamar tidur menjadi nyaman, seperti membersihkan kamar tidur secara berkala, memasang lampu redup di kamar tidur.\u003c/li\u003e\n\u003cli\u003eMembiasakan kamar tidur hanya digunakan untuk tidur, seperti tidak makan dan bekerja atau belajar di kamar tidur.\u003c/li\u003e\n\u003cli\u003eMenghindari konsumsi minuman beralkohol dan berkafein.\u003c/li\u003e\n\u003cli\u003eMenghindari tidur siang.\u003c/li\u003e\n\u003cli\u003eMenjaga gaya hidup sehat, seperti mencukupi kebutuhan nutrisi, minum air putih 2-3 liter per hari, rutin berolahraga, dan tidak merokok.\u003c/li\u003e\n\u003cli\u003eMengelola stres dengan baik.\u003c/li\u003e\n\u003c/ul\u003e\n\u003cp\u003e\u003c/p\u003e\n\n""","29 Oktober 2020, 10:46",dr. Talitha Najmillah Sabtiari
gangguan tidur berjalan,https://www.alodokter.com/komunitas/topic/mentala04935,Penyebab berkhayal berlebihan disertai berjalan saat tidur,"""\n\n\u003cp\u003eDok saya mahasiswi berusia 21 thn di salah satu perguruan tinggi, saya ingin bertanya dok mengenai kebiasaan saya yaitu berkhayal. Dimana awalnya saya menganggap hal itu wajar tapi semakin kesini berkhayal seakan menjadi sebuah kebutuhan bagi saya karna dengan berkhayal saya bisa melupakan segala hal terutama yang menyakitkan dan saya bisa memainkan peran apapun yg saya inginkan bahkan sebelum tidur merupakan agenda wajib untuk berkhayal kadang saya bisa menangis dok, dan saya juga orang yang di kategori jarang sekali bermimpi tetapi orang yg tidur dg saya mengatakan saya adalah orang yg tidur dengan mengingau bahkan di saat sma dulu saya sering dalam kondisi tidur tapi bisa berjalan dok dan hal itu terjadi berkali kali tapi saat ini tidur sambil berjalan sudah tidak ada, hanya tinggal mengingau saja namun pelupa saya semakin kesini semakin parah dan saya juga orang yang bisa tiba2 terpikir kembali hal2 salah yg pernah saya lakukan misalnya menjawab pertanyaan orang teman tapi dg tidak sopan dan saya bisa memikirkan hal tersebut dan membuat saya menjadi tidak enak padahal kejadian itu berlangsung bertahun yang lalu. Apakah hal itu wajar atau bagaimana dok\u003c/p\u003e\n""","15 Maret 2020, 00:25","""\n\n\u003cp\u003eHai Wati, terimakasih sudah bertanya di Alodokter.\u003c/p\u003e\n\u003cp\u003eBerkhayal merupakan suatu hal yang dilakukan oleh hampir semua orang. Hal tersebut wajar selagi tidak menimbulkan pengharapan yang berlebihan. Jika berkhayal sudah melebihi batas kewajaran terutama menganggu produktivitas sehingga menurunkan kualitas hidup, tentu hal tersebut tidak bisa lagi dikatakan sebagai suatu hal yang lumrah. Pengharapan yang tinggi dari suatu khayalan dikawatirkan akan menyebabkan gangguan mental lain jika seseorang tidak bisa menerima ketika harapan tersebut tidak dapat terwujud sesuai keinginan. Ada baiknya menemui dokter spesialis kejiwaan untuk berkonsultasi mengenai kebiasaan anda tersebut apalagi sudah disertai dengan beberapa gejala lain dibelakangnya (seperti hingga menangis saat berkhayal, berjalan di dalam keadaan tidur/\u003cem\u003esleep walking/somnabulisme\u003c/em\u003e). Hal tersebut penting untuk menghindari mendiagnosis diri sendiri, karena diagnosis kejiwaan tidak bisa ditegakkan tanpa adanya pemeriksaan lengkap dari dokter spesialis kejiwaan.\u003c/p\u003e\n\u003cp\u003eUntuk saat ini beberapa hal bisa anda lakukan:\u003c/p\u003e\n\u003cul\u003e\n\u003cli\u003eOlahraga teratur\u003c/li\u003e\n\u003cli\u003eKelola stress dengan baik, misalnya melakukan aktivitas produktif yang anda senangi\u003c/li\u003e\n\u003cli\u003eLebih terbuka kepada orang yang anda percaya\u003c/li\u003e\n\u003c/ul\u003e\n\u003cp\u003eSekian dari saya, semoga membantu\u003c/p\u003e\n\n""","15 Maret 2020, 08:50",dr. Singgih E Prasetyo
gangguan tidur berjalan,https://www.alodokter.com/komunitas/topic/apa-saya-sakit-,Melakukan aktivitas saat tidur,"""\n\n\u003cp\u003eHalo dok, Saya tinggal sendiri. Dan saat saya tidur kondisi tv saya dalam keadaan menyala. Tetapi saat saya bangun tv sudah dalam keadaan mati. Saya tidak ingat jika pernah bangun untuk mematikan tv.Juga saya menyetel alarm d hp saya pada jam 04.59, 05.00, dan 05.07. Biasanya saya akan sadar dan ingat jika saya bangun untuk mematikan alarm. Namun pagi ini tidak. Jika saya melewatkan alarm maka akan muncul notifikasi bahwa saya melewatkan alarm, di mana tidak adanya notifikasi d hp saya menandakan saya bangun untuk mematikan alarm saya namun saya tidak ingat pernah bangun untuk mematikan alarm saya. Apa hal itu normal dok?\u003c/p\u003e\n""","5 April 2020, 14:22","""\n\n\u003cp\u003eAlo Ms. S terimakasih sudah bertanya ke Alodokter.\u003c/p\u003e\n\u003cp\u003ePerkenalkan saya dr.Rio akan menjawab pertanyaan yang anda miliki.\u003c/p\u003e\n\u003cp\u003eBerdasarkan cerita yang anda sampaikan, terdapat beberapa kemungkinan yang dapat anda alami, yaitu :\u003c/p\u003e\n\u003col\u003e\n\u003cli\u003eHal tersebut terjadi akibat anda sangat kelelahan, sehingga menyebabkan tidur anda akan terlalu lelap.\u003c/li\u003e\n\u003cli\u003eSomnabulisme\u003cem\u003e(\u003c/em\u003e\u003cem\u003esleepwalking\u003c/em\u003e\u003cem\u003e)\u003c/em\u003eadalah suatu kondisi berulang di mana seseorang bangun, berjalan, atau melakukan berbagai kegiatan dalam keadaan tidur.\u003c/li\u003e\n\u003c/ol\u003e\n\u003cp\u003eKedua kemungkinana diatas sangat mungkin terjadi pada anda. Namun anda jangan terlalu khawatir. Anda bisa mengevaluasi keluhan tersebut, apabila tidak berulang atau tidak begitu mengganggu hal tersebut bukan merupakan suatu masalah yang serius. Namun apabila anda merasa terganggu, dan keluhan terus terjadi maka anda saya sarankan untuk berkonsultasi ke dokter psikiater.\u003c/p\u003e\n\u003cp\u003eSaat ini yang dapat anda lakukan adalah :\u003c/p\u003e\n\u003col\u003e\n\u003cli\u003eIstirahat cukup, tidur 7 - 8 jam perhari.\u003c/li\u003e\n\u003cli\u003eUntuk sementara anda bisa batasi aktivitas anda.\u003c/li\u003e\n\u003cli\u003eMakan makanan bergizi.\u003c/li\u003e\n\u003cli\u003eHindari stress, atau berfikiran berlebihan.\u003c/li\u003e\n\u003cli\u003eApabila anda terbebani suatu masalah, sebisa mungkin hadapi masalah tersebut, atau anda tidak mampu anda bisa bercerita pada orang terdekat anda.\u003c/li\u003e\n\u003c/ol\u003e\n\u003cp\u003eSekian jawaban yang dapat saya berikan, terimakasih banyak :)\u003c/p\u003e\n\n""","5 April 2020, 15:07",dr.Rio Gasa Handriyo
gangguan tidur berjalan,https://www.alodokter.com/komunitas/topic/gangguan-tidur14e3ea,Berjalan saat tidur,"""\n\n\u003cp\u003eDok, anak sy sejak meranjak remaja mulai sulit sekali bangun tidur bahkan harus 3-5 kali tamparan kecil baru bisa bangun dan tidak merasakan apa pun saat tidur nyenyak walaupn smpai di pkul. Saat masuk sekolah SMP mulai ada gangguan tidur seperti tidur berjalan keluar kamar bahkan kadang sampai membuka kunci pintu. Skrg sdh umur 20 sdh tidak tdr berjalan tapi masih sulit untuk bangun. Apa sy harus konsultasikan ke dokter atau psikolog? jika ada tekanan psikologis itu berpengaruh dok? Karena memang ada mslh keluarga.\u003c/p\u003e\n""","4 Maret 2020, 16:59","""\n\n\u003cp\u003eAlo LI J, terimakasih sudah bertanya ke Alodokter.\u003c/p\u003e\n\u003cp\u003ePerkenalkan saya dr Rio akan mencoba menjawab pertanyaan anda.\u003c/p\u003e\n\u003cp\u003eBerdasarkan keluhan yang anda rasakan, ada kemungkinan anda mengalami masalah \u003ca href=\""https://www.alodokter.com/gangguan-tidur\""\u003egangguan tidur\u003c/a\u003e. Gangguan tidur adalah kelainan dari pola tidur seseorang yang memiliki dampak pada penderitanya, baik dampak pada kesehatannya maupun pada keselamatannya sendiri. Ada beberapa macam penyebab gangguan tidur, yaitu:\u003c/p\u003e\n\u003col\u003e\n\u003cli\u003e\u003ca href=\""https://www.alodokter.com/insomnia\""\u003eInsomnia\u003c/a\u003e\u003c/li\u003e\n\u003cli\u003eHipersomnia\u003c/li\u003e\n\u003cli\u003e\u003ca href=\""https://www.alodokter.com/gangguan-tidur-berjalan\""\u003e\u003cem\u003eSleepwalking\u003c/em\u003e/ Somnabulisme/ Tidur berjalan\u003c/a\u003e\u003c/li\u003e\n\u003cli\u003e\u003cem\u003eSleep terror\u003c/em\u003e\u003c/li\u003e\n\u003cli\u003e\u003cem\u003e\u003ca href=\""https://www.alodokter.com/mimpi-buruk\""\u003eNightmare\u003c/a\u003e\u003c/em\u003e\u003c/li\u003e\n\u003c/ol\u003e\n\u003cp\u003eGangguan tidur yang anda alami berupa\u003cem\u003esleepwalking\u003c/em\u003ebiasa terjadi pada anak-anak sebelum remaja sekitar yaitu 11-12 tahun, walaupun juga bisa saja dialami diberbagai usia. Walaupun biasanya penyakit tidur berjalan yang terjadi pada anak-anak bukan merupakan penyakit yang serius, namun dapat menimbulkan cedera akibat terbentur atau jatuh.\u003c/p\u003e\n\u003cp\u003ePada saat tidur, terbagi menjadi sekitar 4-5 siklus, yang masing-masing siklus berlangsung sekitar 90 menit dan terbagi menjadi 2 tahapan, yaitu tahapan tidur\u003cem\u003erapid eye movement\u003c/em\u003e(REM) dan tahapan non-REM (NREM). Siklus tidur diawali dengan tahapan NREM lalu dilanjutkan dengan REM, begitu seterusnya siklus akan berulang. Tahapan tidur NREM sendiri terbagi dalam tiga fase, yaitu:\u003c/p\u003e\n\u003cul\u003e\n\u003cli\u003eFase 1:Mata terpejam, namun masih mudah terbangun.\u003c/li\u003e\n\u003cli\u003eFase 2:Pada fase ini, irama jantung melambat dan suhu tubuh menurun. Tubuh bersiap untuk tidur dalam.\u003c/li\u003e\n\u003cli\u003eFase 3:Ini adalah fase tidur dalam, di mana seseorang akan sulit dibangunkan. Jika dipaksa bangun dari tidur, dia akan merasa bingung selama beberapa menit. Selama fase 3 ini tubuh akan memperbaiki jaringan yang rusak dan memperkuat sistem imun.\u003c/li\u003e\n\u003c/ul\u003e\n\u003cp\u003ePada tahapan REM inilah otak menjadi lebih aktif, denyut jantung dan napas menjadi cepat, serta dapat timbul mimpi. Yang terjadi pada anda tidur dan sulit dibangunkan, bisa saja anda dalam fase 3 ini sehingga sulit bangun dari tidur anda. Namun apabila anda mengalami gangguan tidur ini terus menerus, sebaiknya konsultasikan ke \u003ca href=\""https://www.alodokter.com/cari-dokter/dokter-jiwa\""\u003edokter kejiwaan/psikiater\u003c/a\u003e untuk dilakukan wawancara keluhan anda lebih detail dan dapat dilakukan pemeriksaan langsung kepada anda agar mendapat penanganan yang lebih tepat.\u003c/p\u003e\n\u003cp\u003eSaat ini yang dapat anda lakukan adalah:\u003c/p\u003e\n\u003col\u003e\n\u003cli\u003eOlahraga teratur.\u003c/li\u003e\n\u003cli\u003eMenjaga pola makan bergizi dan konsumsi banyak minum.\u003c/li\u003e\n\u003cli\u003eKelola stress dengan baik.\u003c/li\u003e\n\u003cli\u003eMendisiplinkan waktu tidur anda.\u003c/li\u003e\n\u003cli\u003eHindari konsumsi minuman berkafein, alkohol dan rokok.\u003c/li\u003e\n\u003c/ol\u003e\n\u003cp\u003eSekian jawaban yang dapat saya berikan.\u003c/p\u003e\n\u003cp\u003eTerimakasih :)\u003c/p\u003e\n\n""","4 Maret 2020, 20:29",dr.Rio Gasa Handriyo
gangguan tidur berjalan,https://www.alodokter.com/komunitas/topic/re-gangguan-tidur-tidur-bicara,Cara mengatasi kebiasaan tidur sambil mengigau,"""\n\n\u003cp\u003eHalo Dok,\u003c/p\u003e\n\u003cp\u003eMohon bantuan informasi Dokter untuk masalah tersebut ini. Belakangan saya suka tidur sambil bicara, cukup cepat. Durasi bicara selama durasi mimpi. Tapi belakangan, saya tidak berhenti bermimpi (selesai satu, diteruskan yang lain). Sebelumnya saya suka bermimpi ketika pulas, tapi tidak bicara dan lebih sering mendengkur. Sebelumnya, kalau mimpi, pagi hari badan saya terasa segar. Sekarang, bangun tidur walaupun mimpi, saya merasa lelah, kepala sedikit pusing seperti tekanan darah tinggi. Saya coba google untuk informasi. Dari sisi diet, setahun ini saya suka minum kopi sachet, sekitar 2 sachet sehari. Sebelumnya saya minum kopi murni untuk kontrol gula. Setelah kejadian ini, saya stop minum kopi, tetapi tidur tetap bicara. Kemudian, sebelumnya ketika saya mendengkur hendak pulas, saya sering/selalu dibangunkan oleh suara keras. Apabila terbangun, saya agak kaget, kepala agak pusing dan sebenarnya saya merasa sedikit trauma ketika hendak tidur. Kira-kira apa saja faktor penyebab tidur bicara (tiba-tiba), apakah gangguan ini normal atau berbahaya, dan apakah ada langkah yang saya dapat lakukan untuk menghilangkan tidur bicara ini (dalam waktu singkat), karena hal ini sangat mengganggu untuk saya. Mohon bantuan informasi dari Dokter dan terima kasih banyak sebelumnya.\u003c/p\u003e\n\u003cp\u003eTerima kasih dan salam.\u003c/p\u003e\n\n""","15 Oktober 2019, 20:00","""\n\n\u003cp\u003eSelamat malam, terima kasih telah bertanya di Alodokter. Berbicara ketika tidur, disebut dengan \u003ca href=\""https://www.alodokter.com/sering-mengigau-saat-tidur-ini-kemungkinan-penyebabnya\""\u003emengigau\u003c/a\u003e. Kondisi mengigau ini sebenarnya cukup sering dialami, hingga 66% orang pernah mengalaminya. Namun memang, pernah mengalami dengan kerap mengalami itu berbeda. Dari 66% itu, mungkin yang secara rutin mengalaminya hanya beberapa saja.\u003c/p\u003e\n\u003cp\u003eKondisi mengigau lebih sering terjadi pada anak-anak berusia 3-10 tahun, meski bisa terjadi pada siapapun. Selain itu, banyak yang berpendapat bahwa mengigau berkaitan dengan bermimpi. Kenyataannya tidak selalu demikian, karena mengigau dapat terjadi meski kita tidak sedang bermimpi apapun. Penyebab secara pasti kondisi ini masih belum diketahui, namun ada beberapa kondisi dimana kemungkinannya meningkat. Diantaranya adalah:\u003c/p\u003e\n\u003cul\u003e\n\u003cli\u003eKondisi stress, tertekan, depresi dan cemas\u003c/li\u003e\n\u003cli\u003eKurang tidur (kurang dari 7 jam perhari)\u003c/li\u003e\n\u003cli\u003eSedang sakit atau demam\u003c/li\u003e\n\u003cli\u003eEfek samping obat-obatan\u003c/li\u003e\n\u003c/ul\u003e\n\u003cp\u003eJika ternyata kasus Anda lebih parah, mungkin Anda mengalami kondisi lain, yakni tidur berjalan atau \u003ca href=\""https://www.alodokter.com/gangguan-tidur-berjalan\""\u003esomnabulisme\u003c/a\u003e. Ini adalah kondisi yang mudahnya terjadi ketika seseorang yang sebenarnya sedang tidur, berlaku seperti tidak sedang tidur. Bisa berjalan, membuka pintu, dan berbicara dengan kalimat yang lebih banyak dan lancar ketimbang mengigau.\u003c/p\u003e\n\u003cp\u003eBagaimanapun, memang masih banyak rahasia dari tidur yang belum kita ketahui. Itu sebabnya, jika Anda merasa bahwa hal tersebut mengganggu Anda, periksakan diri Anda pada psikiater, tepatnya pada subspesialis gangguan tidur karena diantara semua spesialis, hanya merekalah yang paling kompeten dalam mengatasi gangguan Anda. Dengan diperiksakan langsung, penyebab dari kondisi Anda bisa diketahui dengan jelas, dan begitu pula dengan pilihan penanganannya.\u003c/p\u003e\n\u003cp\u003eSementara itu, jika Anda mencurigai ada suatu pencetus dari kebiasaan Anda, misalnya itu terjadi ketika Anda kelelahan, minum kopi atau berolahraga di malam hari, hindari hal tersebut, dan segera periksakan ke dokter. Sekian, semoga menjawab pertanyaan Anda.\u003c/p\u003e\n\n""","15 Oktober 2019, 20:43",dr. Amadeo Drian Basfiansa
gangguan tidur berjalan,https://www.alodokter.com/komunitas/topic/saya-suka-ngelindur-atau-tidur-berjalan,Sering berjalan atau berbicara saat tidur apakah normal?,"""\n\u003cp\u003edok, saya 27 yh, saya sering bgt tidur berjalan. tapi, di beberapa kasusw saya inget kondisi saat saya jalan. seperti semalam, siang ini saya mau ngetik di laptop saya. pass saya mau nyolokin listrik, saya liat penyambung listrik saya ga tersambung stop kontak. trus saya keinget kalau semalem saya yang cabut colokamd daris stopkontak tanpa alasand dan saay tau itu pasti dalam keadaan tidur berjalan. itu normal ga ya dok? kadnag juga saya bercerita sama orang rumah dalam keadaan tidur atau ngigau. dan yang di ceritain ga jelas atau ga nyambung kata kluarga saya. bahaya kah dok? apa yang harus saya lakuin untuk menghilangkan itu?\u003c/p\u003e\n""","16 September 2019, 11:35","""\n\n\u003cp\u003eHalo terima kasih atas pertanyaannya untuk Alodokter.\u003c/p\u003e\n\u003cp\u003ekeluhan tidur berjalan dapat disebabkan oleh beberapa kemungkinan penyebab:\u003c/p\u003e\n\u003cp\u003e1. Sleep walking: tidur sambil berjalan akibat adanya informasi di alam bawah sadar\u003c/p\u003e\n\u003cp\u003e2. Bermimpi: kadang mimpi juga bisa mengantarkan kita untuk berjalan sambil tidur\u003c/p\u003e\n\u003cp\u003e3. Kegiatan di bawah alam sadar: kelelahan yang sangat berat dapat menyebabkan tidur menjadi tidak efektif dan bisa terdapat kegiatan di alam bawah sadar\u003c/p\u003e\n\u003cp\u003euntuk mengetahui lebih lanjut penyebab, diagnosis dan pengobatan dari keluhan yang anda alami, sebaiknya segera berkonsultasi dengan dokter spesialis kejiwaan.\u003c/p\u003e\n\u003cp\u003epencegahan yang dapat dilakukan:\u003c/p\u003e\n\u003cp\u003e1. Tidur dengan cukup suasananya yang gelap, tidak berisik dan tanpa suara musik atau apapun\u003c/p\u003e\n\u003cp\u003e2. Sebelum tidur kondisikan diri sebagai posisi nol, tidak memikirkan banyak hal\u003c/p\u003e\n\u003cp\u003e3. Biasakan untuk tidak tidur di larut malam\u003c/p\u003e\n\u003cp\u003edemikian semoga bermanfaat :)\u003c/p\u003e\n\n""","16 September 2019, 14:04",dr. Zahrotul Habibah
gangguan tidur berjalan,https://www.alodokter.com/komunitas/topic/susah-tidur-dan-merasa-lelah-berkepanjangan,Sulit tidur disertai pusing dan mudah lelah selama 2 minggu,"""\n\n\u003cp\u003ePagi dok saya wanita 24 tahun, sdh kurang lebih 2 minggu ini saya susah tidur . Berawal dari nyeri perut yg bersangatan setelah nyeri berkurng saya malah tidak bsa tdur malam dengan tenang, dan kalau sdh terbngun malam sngat sulit untuk tdur lagi, saya juga merasa sangat lelah kdang pusing dan nyeri perut saya tiba² kumat . Benar² sangat tdk nyamn aplg beberapa hari ini yg bnr² sulit sekali untuk tidur\u003c/p\u003e\n""","31 Januari 2020, 05:36","""\n\n\u003cp\u003eAlo Riyani, terima kasih telah berkonsultasi dengan kami di Alodokter.com.\u003c/p\u003e\n\u003cp\u003eKesulitan tidur yg anda alami termasuk dalam gangguan tidur, dimana terjadinya kelainan pola tidur seseorang yg menimbulkan penurunan kualitas tidur yg akibatnya akan mempengaruhi kesehatan dan keselamatan penderitanya. Gejala tidur sangat bermacam-macam, yakni :\u003c/p\u003e\n\u003col\u003e\n\u003cli\u003esulitnya tidur saat malam hari\u003c/li\u003e\n\u003cli\u003ebangun dan tidur pada waktu yg tak teratur\u003c/li\u003e\n\u003cli\u003emengalami mimpi buruk, ketakutan, berteriak atau berjalan saat tidur\u003c/li\u003e\n\u003cli\u003emendengkur, tersedak, berhenti bernapas sesaat atau menggertakan gigi saat tidur\u003c/li\u003e\n\u003cli\u003esering terbangun saat sudah tidur dan sulit untuk tidur lagi\u003c/li\u003e\n\u003cli\u003emerasa tidak dapat menggerakkan badan saat sudah bangun tidur\u003c/li\u003e\n\u003cli\u003esering merasa lelah meski sudah tidur lama\u003c/li\u003e\n\u003cli\u003edll\u003c/li\u003e\n\u003c/ol\u003e\n\u003cp\u003eBerdasarkan jenisnya, gangguan tidur terbagi menjadi :\u003c/p\u003e\n\u003cul\u003e\n\u003cli\u003e\n\u003ca href=\""https://www.alodokter.com/insomnia\""\u003eInsomnia \u003c/a\u003e: sulit mengawali tidur atau butuh waktu lama untuk tidur. Biasanya karena kebiasaan sebelum tidur yg tidak baik, gangguan mental atau penyakit tertentu\u003c/li\u003e\n\u003cli\u003eHipersomia : kebutuhan tidur setiap harinya sangat panjang, sehingga penderita akan mengantuk di siang hari, penyebabnya biasanya adalah depresi\u003c/li\u003e\n\u003cli\u003e\n\u003ca href=\""https://www.alodokter.com/gangguan-tidur-berjalan\""\u003eTidur berjalan (\u003cem\u003esleepwalking\u003c/em\u003e)\u003c/a\u003e : dikenal juga dengan istilah somnabulisme, dimana penderita sering bangun, atau berjalan atau melakukan kegiatan dala keadaan tidur tanpa ia sadari\u003c/li\u003e\n\u003cli\u003e\n\u003ca href=\""https://www.alodokter.com/mimpi-buruk\""\u003eNightmare \u003c/a\u003e: atau juga mimpi bruk dimana terjadi saat otak membuat penderitanya memimpikan hal-hal yg meresahkan. Umumnya dipicu rasa cemas atau takut\u003c/li\u003e\n\u003cli\u003eSleep teror/ teror tidur : seringnya terjadi pada anak-anak, usia antara 4-8 tahun, dimana tampak ketakutan hingga berteriak saat tidur, biasanya dipicu ketika anak sedang kelelahan atau demam.\u003c/li\u003e\n\u003c/ul\u003e\n\u003cp\u003eJika yg terjadi pada anda, ada penyebab dari kondisi tubuh anda yg sedang tidak sehat yg menyebabkan anda sering terbangun dan sulit untuk tidur kembali. Oleh karena itu perlu dilakukan penanganan yg tepat pada keluhan \u003ca href=\""https://www.alodokter.com/sakit-perut\""\u003esakit perut\u003c/a\u003e yg anda alami. Keluhan nyeri perut memang sangat beragam penyebabnya, dan setiap lokasi sakit perut akan mengarah ke penyakit yg berbeda dengan lokasi sakit perut yg lain. Sehingga untuk menentukannya maka kami sarankan pada anda untuk berkonsultasi dengan dokter secara langsung. Supaya dokter dapat memberikan penanganan yg tepat berdasarkan temuan atau hasil pemeriksaan yg beliau lakukan. Jika dengan pemeriksaan wawancara klinis dan pemeriksaan fisik masih belum dapat menentukan penyebabnya. Maka kemungkinan besar dokter akan melakukan pemeriksaan tambahan seperti pemeriksaan USG, foto Rongten Abdomen dan juga pemeriksaan darah, urin dan tinja.\u003c/p\u003e\n\u003cp\u003eSementara, yg dapat kami sampaikan adalah beberapa langkah yg dapat anda lakukan untuk mengurangi rasa sakit perut yg dapat datang dengan tiba-tiba, yakni dengan :\u003c/p\u003e\n\u003cul\u003e\n\u003cli\u003emencuci tangan saat sebelum dan sesudah makan\u003c/li\u003e\n\u003cli\u003etidak langsung berbaring setelah makan, beri jeda waktu 2 jam\u003c/li\u003e\n\u003cli\u003eperbanyak konsumsi air putih setidaknya 2L perhari\u003c/li\u003e\n\u003cli\u003elakukan olah raga ringan setidaknya dilakukan setiap hari minimal 3-4kali dalam seminggu\u003c/li\u003e\n\u003cli\u003ekonsumsi lebih banya makanan berserat (sayur dan buah)\u003c/li\u003e\n\u003cli\u003ebatasi asupan gula dengan mengurangi konsumsi cemilan manis\u003c/li\u003e\n\u003cli\u003ekelola stres dengan bai\u003c/li\u003e\n\u003cli\u003ekurangi konsumsi kafein seperti pada teh atau kopi\u003c/li\u003e\n\u003c/ul\u003e\n\u003cp\u003eDemikian yg dapat kami sampaikan, semoga dapat menjawab pertanyaan anda.\u003c/p\u003e\n\n""","31 Januari 2020, 15:11",dr. Ciptanti Cahyaningrum
gangguan tidur berjalan,https://www.alodokter.com/komunitas/topic/mengigau-sambil-berjalan-dan-menangis,Anak mengigau sambil berjalan dan menangis,"""\n\u003cp\u003eHalo, Dok.\r\nAnak saya laki-laki berumur 6 tahun, akhir2 ini ketika tidur suka mengigau (menangis) kemudian berjalan sambil tetap mengigau (mata terpejam tapi menangis). Pernah suatu kali dia berteriak (nangis2) lalu keluar kamar dan hampir masuk ke kamar mandi dengan kondisi mata masih terpejam.\r\nYang ini saya tanyakan adalah apakah anak saya ini mengalami sleep walking? Dan apakah berbahaya utk anak saya? Bagaimana cara menyembuhkan \""kebiasaan\"" mengigau anak saya ini?\r\n\r\nTerima kasih sebelumnya, Dok. Salam.\u003c/p\u003e\n""","5 November 2018, 20:04","""\n\n\u003cp\u003eSelamat malam, terima kasih telah bertanya di Alodokter. \u003ca href=\""https://www.alodokter.com/gangguan-tidur-berjalan\""\u003ePenyakit tidur berjalan\u003c/a\u003e atau yang dalam bahasa medis disebut dengan somnabulisme adalah keadaan dimana seseorang melakukan berbagai macam kegiatan, aktivitas, bangun dan berjalan, namun semuanya dalam keadaan tidur. Meski dikatakan tidur, bisa saja orang dengan somnabulisme matanya terbuka. Saat kita berjalan didepannya, orang tersebut hanya akan memandang lurus dan mengabaikan kita. Mereka juga tidak merespon dengan komunikasi.\u003c/p\u003e\n\u003cp\u003ePenyakit tidur berjalan ini sebenarnya biasa terjadi pada anak-anak. Sebanyak 1-5% anak-anak mengalaminya sekali waktu, namun kondisi ini biasanya tidak berbahaya. Jika terjadi pada orang tua, malah bisa jadi merupakan suatu tanda adanya kondisi tertentu, seperti:\u003c/p\u003e\n\u003cul\u003e\n\u003cli\u003eKurang tidur, jadwal tidur tidak teratur\u003c/li\u003e\n\u003cli\u003eEfek samping obat-obatan tertentu\u003c/li\u003e\n\u003cli\u003eStress\u003c/li\u003e\n\u003cli\u003eKeracunan alkohol\u003c/li\u003e\n\u003cli\u003eKurang magnesium\u003c/li\u003e\n\u003cli\u003eGangguan mental tertentu\u003c/li\u003e\n\u003c/ul\u003e\n\u003cp\u003e \u003c/p\u003e\n\u003cp\u003eSeperti yang kami sebutkan sebelumnya, tidak perlu khawatir bila anak Anda mengalami kondisi ini, dan biasanya pun akan hilang seiring berjalannya waktu. Yang bisa Anda lakukan adalah membimbing anak Anda untuk kembali tidur, jangan berteriak atau berupaya membangunkan penderita, dan buat pengaman di tiap sisi ranjang untuk menghindari mereka turun dari kasur. Jika keluhannya semakin parah dan sering, periksakan anak Anda ke \u003ca href=\""https://www.alodokter.com/cari-dokter/dokter-jiwa\""\u003epsikiater \u003c/a\u003euntuk melakukan pemeriksaan terhadap gangguan tidur. Sekian, semoga menjawab pertanyaan Anda.\u003c/p\u003e\n\n""","5 November 2018, 20:53",dr. Amadeo Drian Basfiansa
gangguan tidur berjalan,https://www.alodokter.com/komunitas/topic/apa-penyebab-saya-suka-berpindah-tempat-ketika-tidur,Penyebab dan mengatasi sering berjalan sambil tidur,"""\n\u003cp\u003ePagi dok, saya ila umur 19thn\r\nDisini saya ingin bercerita terlebih dahulu..\r\nSaya ini selalu takut tidur sendirian mangkannya dr dulu saya selalu 1 kamar bersama adik saya, 2 bulan terakhir saya mencoba untuk tidur sendirian dan membangun kamar saya sendiri dengan keadaan senyaman mungkin.. Alhasil syukur saya bisa tidur sendirian selama 3 minggu tanpa ada rasa kahwatir atau apapun, tapi di dalam 2 minggu ini saya merasa kembali takut dan gelisah ketika tidur sendirian.. Dalam keadaan tubuh sudah ingin tidur tp jantung rasanya deg\""an dan selalu bangun terkaget ketika sudah mau ketiduran.. Sampai beberapa kali hingga saya bisa tidur.. Tapi setelah 1 atau 2 jam ( saya tau jamnya krn terkadang bertanya pada kakak saya kapan saya kemarany) tidur saya selalu terbangun tanpa sadar dan berpindah kamar entah itu ke kmr adik saya atau kamar kakak laki\"" saya,saya seperti tidak ingin tidur sendirian.. Dan ketika bangun di pagi hari saya tidak mengingat kapan dan bagaimana caranya saya bisa pindah kamar.. Disini yg saya sadari kalau saya sadar waktu pindah kamar saya akan membawa hp saya krn saya termasuk org yg sayang mementingkan barang\"" pribadi apalagi yg tergolong mahal.. Tapi disini saya tdk membawa apa\"" seakan memang tidur sambil berjalan... Apa penyebab hal ini terjadi dok? Dan bagaimana cara mengatasinya? Karena saya sudah merasakannya 4-5kali dalam sebulan ini\u003c/p\u003e\n""","14 November 2018, 07:29","""\n\n\u003cp\u003eHalo Laila,\u003c/p\u003e\n\u003cp\u003eKondisi seseorang berpidah tempat atau berjalan saat dalam keadaan tidur bisa merupakan suatu \u003ca href=\""https://www.alodokter.com/gangguan-tidur-berjalan\""\u003epenyakit tidur berjalan\u003c/a\u003e / somnabulisme. Tidur berjalan juga bisa bermakna melakukan aktivitas lain saat tidur, seperti memasak, makan, atau memainkan alat musik. Ketika penderita melakukan aktivitas lain tersebut, biasanya penderita tidak bisa diajak berkounikasi atau bila pun menjawab biasanya meracau.\u003c/p\u003e\n\u003cp\u003eTidur berjalan biasanya terjadi pada fase tidur dalam (sekitar 1-2 jam setelah mulai tidur). Peyakit tidur berjalan bisa disebabkan karena beberapa faktor berikut ini:\u003c/p\u003e\n\u003cul\u003e\n\u003cli\u003eGenetik / keturunan\u003c/li\u003e\n\u003cli\u003eKurang tidur atau tidur tidak teratur jadwalnya\u003c/li\u003e\n\u003cli\u003eStress, kecemasan berlebih, serangan panik, kepribadian ganda, PTSD, dan masalah psikis lain\u003c/li\u003e\n\u003cli\u003eKeracunan alkohol\u003c/li\u003e\n\u003cli\u003eEfek samping obat-obatan, misalnya antipsikotik, obat penenang, antihistamin, antikonvulsan, antidepresan\u003c/li\u003e\n\u003cli\u003eSedang menstruasi dan sedang hamil\u003c/li\u003e\n\u003cli\u003eKondisi medis lain: demam, kekurangan magnesium, migrain, penyakit asam lambung, sleep apnea, sindroma tourette, tirotoksikosis\u003c/li\u003e\n\u003c/ul\u003e\n\u003cp\u003eUntuk sementara waktu, Anda bisa melakukan beberapa tips berikut ini dulu:\u003c/p\u003e\n\u003cul\u003e\n\u003cli\u003eKelola stress dengan baik\u003c/li\u003e\n\u003cli\u003eOlahraga teratur\u003c/li\u003e\n\u003cli\u003eCukupi waktu tidur sekitar 7-8 jam/hari\u003c/li\u003e\n\u003cli\u003eMandi air hangat sebelum tidur supaya tubuh lebih rileks\u003c/li\u003e\n\u003cli\u003eLakukan relaksasi\u003c/li\u003e\n\u003cli\u003eHindari kafein dan alkohol sebelum tidur\u003c/li\u003e\n\u003cli\u003eBiasakan buang air kecil sebelum tidur\u003c/li\u003e\n\u003cli\u003eBuat kamar tidur lebih nyaman\u003c/li\u003e\n\u003cli\u003eBiasakan tidur pada jam yang teratur\u003c/li\u003e\n\u003cli\u003eBila sering mengalami tidur berjalan, bisa minta tolong anggota keluarga lain untuk membimbing Anda tidur kembali saat Anda berjalan dan jangan dikagetkan, atau bisa juga meminta keluarga untuk membangunkan Anda 15-30 menit sebelum gejala tidur berjalan terjadi\u003c/li\u003e\n\u003c/ul\u003e\n\u003cp\u003eApabila tidur berjalan terjadi lebih dari 1-2x/minggu, Anda merasa terganggu atau tidur berjalan mulai membahayakan, misalnya Anda naik dan turun tangga yang rawan terjatuh atau menyetir saat tidur yang rawan kecelakaan, atau bila tidur berjalan mengganggu kehidupan sosial Anda, saya sarankan agar Anda memeriksakan diri ke \u003ca href=\""https://www.alodokter.com/cari-dokter/dokter-jiwa\""\u003epsikiater\u003c/a\u003e supaya bisa dilakukan pemeriksaan lebih lanjut misalnya dengan polisomnografi untuk mendeteksi adakah perubahan gelombang otak saat tidur. Untuk pengobatannya sebenarnya tidak ada pengobatan khusus, namun bila ada penyebab tertentu maka penyebabnya lah yang akan ditangani terlebih dahulu.\u003c/p\u003e\n\u003cp\u003eSemoga bisa membantu Anda,\u003c/p\u003e\n\u003cp\u003eTerimakasih\u003c/p\u003e\n\n""","14 November 2018, 20:45",dr. Devika Yuldharia
gangguan tidur berjalan,https://www.alodokter.com/komunitas/topic/mengapa-ketika-dibangunkan-tidurnya-n-diberikan-instruksi-tidak-melaksanakan-sesuai-dengan-instruksi,Kurangnya kesadaran saat bangun tidur,"""\n\u003cp\u003eSuami saya kalau diminta tolong unt buatin susu anak, dia terbangun sambil membawa botol susu dan berjalan ke dapur, tapi setelah kembali ke kamar tidak membuat susu bahkan mengaku tidak membawa botol susu.Terkadang dia mengikuti perintah membuat susu, tapi thermos tidak ditutup dan container susu dibiarkan terbuka. Kenapa ya dok? Apakah ini wajar?\u003c/p\u003e\n""","12 September 2019, 00:36","""\n\n\u003cp\u003eSelamat pagi, terima kasih telah bertanya di Alodokter. Kami memahami kebingungan Anda. Ada berbagai macam fase tidur. Secara awam, kita bisa bedakan menjadi fase tertidur awal dan tertidur dalam. Secara lebih rinci, fase ini masih bisa dibagi-bagi lagi menjadi fase yang lebih kecil. Selama tidur, fase ini terus berputar-putar dan berulang-ulang hingga akhirnya kita bangun. Salah satu fase tersebut, ada fase yang mirip dengan kondisi kita terhipnotis, dimana kita mungkin bisa mengigau, mendengar apa kata orang, namun tidak sadar penuh. Bagi sebagian orang, kondisi ini bisa sedemikian kuatnya hingga menyebabkan tidur berjalan atau \u003ca href=\""https://www.alodokter.com/gangguan-tidur-berjalan\""\u003esomnabulisme\u003c/a\u003e.\u003c/p\u003e\n\u003cp\u003eBila ia memang tidak menyadari bahwa ia terbangun, berjalan dan semacamnya. Maka bisa jadi suami Anda mengalami kondisi tidur berjalan ini. Penyebab dari kondisi ini masih belum diketahui, namun diduga berkaitan dengan faktor genetik, kurang tidur, jadwal tidur yang tidak teratur, demam, stress, efek konsumsi alkohol, kurang magnesium, atau gangguan mental tertentu.\u003c/p\u003e\n\u003cp\u003eKondisi ini tidak berbahaya, dan tidak selalu membutuhkan pengobatan. Dengan istirahat yang cukup, biasanya kondisi ini dapat membaik dengan sendirinya. Hal lain yang juga bisa dilakukan untuk mengatasi tidur berjalan adalah mengelola stress dengan baik, membuang air kecil sebelum tidur, tidak mengonsumsi alkohol, mendisiplinkan waktu tidur, memberi jarak konsumsi kafein dengan waktu tidur, dan membuat kamar tidur menjadi nyaman.\u003c/p\u003e\n\u003cp\u003eJika kondisi ini disertai gejala lain yang mengganggu, periksakan suami Anda pada dokter untuk diberikan penanganan lebih lanjut. Sekian, semoga menjawab pertanyaan Anda.\u003c/p\u003e\n\n""","12 September 2019, 08:49",dr. Amadeo Drian Basfiansa
gangguan tidur berjalan,https://www.alodokter.com/komunitas/topic/tidur-berjalan-dan-melakukan-sesuatu,Penyebab gangguan tidur berjalan disertai halusinasi,"""\n\u003cp\u003eHolo dok, saya laki laki umur 21tahun, ketika saya tidur saya sering mengalami halusinasi pada lingkungan sekitar, contoh pada saat saya tidur saya merasa teman saya yang tidur di samping saya terlilit kabel dan tersetrum lalu saya bangun dan memegang teman saya berusaha menolong dia dari lilitan kabel tiba tiba saya di bangunkan oleh teman saya, saya lalu tersadar itu mimpi, tapi aneh nya saya bisa melihat walau keadaan kamar agak gelap,, lalu terkadang saya melihat lemari menimpa saya saya bangun berusaha menahannya beberpa saat kemudian saya sadar itu mimpi,, saya juga pernah mimpi ingin keluar rumah saya berjalan sampai pintu depan dan berusaha membukanya, lalu kakak saya membangunkan saya saya baru sadar itu mimpi, anehmya keadaan rumah gelap tapi saya bisa melihat jelas. Banyak hal aneh lainnya saat saya mengigau... ini terjadi hampir setiap hari, itu gejala apa yadok apa itu normal terjadi? Terimakasih\u003c/p\u003e\n""","3 November 2019, 18:02","""\n\n\u003cp\u003eSelamat sore. Terima kasih sudah bertanya ke Alodokter.\u003c/p\u003e\n\u003cp\u003eKondisi yang Anda alami bisa terkait dengan beberapa kondisi biasanya hal yang anda alami ini termasuk dalam kondisi gangguan tidur beberapa hal yang mungkin adalah\u003c/p\u003e\n\u003col\u003e\n\u003cli\u003eKondisi mimpi buruk (nightmare) biasanya adalah mimpi buruk terus terjadi saat tidur dan biasanya saat bangun bisa mengingat apa yang dimimpikan.\u003c/li\u003e\n\u003cli\u003eKondisi night terror adalah kondisi mimpi buruk yang terjadi namun tidak dapat mengingat tapi biasanya akan bisa bangun tiba tiba.\u003c/li\u003e\n\u003cli\u003eSleep walking adalah kondisi berjalan saat tidur dan biasanya pasien tidak akan sadar.\u003c/li\u003e\n\u003c/ol\u003e\n\u003cp\u003eHal ini bisa dialami oleh seiapa saja dan biasanya muncul bila sedang ada pikiran atau stres. Bisa juga mengalami kondisi dipicu oleh kurang tidur atau penggunaan obat-obatan. Beberapa hal yang bisa dilakukan adalah\u003c/p\u003e\n\u003col\u003e\n\u003cli\u003eBila sedang stres sebaiknya ceritakan dan konsul dengan orang yang Anda percaya\u003c/li\u003e\n\u003cli\u003eHilangkan stress dan hindari kecemasan\u003c/li\u003e\n\u003cli\u003eHindari penggunaan obat\u003c/li\u003e\n\u003cli\u003eMengatur pola tidur sebelumnya dengan mandi air hangat atau melakukan sesuatu yang rileks\u003c/li\u003e\n\u003cli\u003eMengatur kondisi tempat tidur\u003c/li\u003e\n\u003c/ol\u003e\n\u003cp\u003eBila selalu menganggu sampai dengan kondisi sehari hari sebaiknya konsultasikan dengan dokter khususnya dokter psikiater.\u003c/p\u003e\n\u003cp\u003eInformasi lebih lanjut \u003ca href=\""https://www.alodokter.com/mimpi-buruk\""\u003epada artikel ini.\u003c/a\u003e\u003c/p\u003e\n\u003cp\u003eDemikian informasi yang dapat kami sampaikan. Terimakasih semoga bermanfaat.\u003c/p\u003e\n\n""","3 November 2019, 18:24",dr. Florentina Priscilia
gangguan tidur berjalan,https://www.alodokter.com/komunitas/topic/gejala-dan-penyebab-apa-ini-dok-dan-bagaimana-mengatasinya,Cara mengatasi penyakit tidur berjalan atau somnabulisme(sleepwalking).,"""\n\u003cp\u003eAdik saya sering tidak sadar melakukan hal ketika ia tidur malam, sedangkan ia kadang2 sudah keluar membuka pintu, mengangkat telfon, dan berbicara apa yg kita tanyakan, tapi keesokan harinya ketika kita tanya, iya bahkan sama sekali tidak tau kita ada berbicara bahkan kita ada menelfon dia, itu kenapa ya dok ? Penyebab atau gejala apa ? Dan bagaimana mengatasinya ?\u003c/p\u003e\n""","15 Mei 2019, 00:56","""\n\n\u003cp\u003eAlo Alvi terimakasih telah bertanya dengan Alodokter.\u003c/p\u003e\n\u003cp\u003eSetiap orang membutuhkan jumlah jam tidur dan kualitias tidur yang baik agar bisa berfungsi atau beraktivitas dengan baik pada keesokan harinya. Terdapat beberapa \u003ca href=\""https://www.alodokter.com/gangguan-tidur\""\u003egangguan tidur\u003c/a\u003eyang dapat terjadi pada seseorang seperti yang kemungkinan dialami oleh adik anda yaitu \u003ca href=\""https://www.alodokter.com/gangguan-tidur-berjalan\""\u003epenyakit tidur berjalan atau somnabulisme\u003cem\u003e(\u003c/em\u003e\u003cem\u003esleepwalking\u003c/em\u003e\u003cem\u003e).\u003c/em\u003e\u003c/a\u003e\u003c/p\u003e\n\u003cp\u003eSomnabulisme merupakan suatu kondisi berulang dimana seseorang dapat beraktivitas, berjalan, atau melakukan kegiatan dalam kondisi tertidur. Kondisi ini umumnya lebih sering terjadi pada anak-anak meskipun bisa juga terjadi pada semua usia. Biasanya penyakit tidur berjalan bukanlah suatu penyakit yang serius, namun dapat menimbulkan cedera akibat terbentur atau jatuh. Biasanya ketika tidur berjalan, penderita akan memandang lurus ke depan, tidak merespon, ataupun tidak ingat kegiatan yang dilakukannya.\u003c/p\u003e\n\u003cp\u003ePenyebab pastinya dari kondisi ini hingga kini belum diketahui, tetapi ada beberapa dugaan penyebab tidur berjalan, seperti:\u003c/p\u003e\n\u003cul\u003e\n\u003cli\u003eFaktor genetik (riwayat kondisi tidur berjalan di dalam keluarganya)\u003c/li\u003e\n\u003cli\u003eCemas atau stres\u003c/li\u003e\n\u003cli\u003eKurang tidur\u003c/li\u003e\n\u003cli\u003eEfek samping obat tidur, obat sedatif, ataupun obat lainnya\u003c/li\u003e\n\u003cli\u003eEfek samping mengonsumsi narkoba atau minuman beralkohol\u003c/li\u003e\n\u003cli\u003e\u003ca href=\""https://www.alodokter.com/sindrom-tourette\""\u003eSindrom Tourette\u003c/a\u003e\u003c/li\u003e\n\u003cli\u003e\u003ca href=\""https://www.alodokter.com/tirotoksikosis\""\u003eTirotoksikosis\u003c/a\u003e\u003c/li\u003e\n\u003cli\u003eGangguan kejiwaan (seperti\u003ca href=\""https://www.alodokter.com/ptsd\""\u003ePTSD\u003c/a\u003e, serangan panik, dan\u003ca href=\""https://www.alodokter.com/kepribadian-ganda\""\u003ekepribadian ganda)\u003c/a\u003e\n\u003c/li\u003e\n\u003c/ul\u003e\n\u003cp\u003eSebaiknya anda dapat berkonsultasi dengan \u003ca href=\""https://www.alodokter.com/cari-dokter/dokter-jiwa\""\u003epsikiater\u003c/a\u003e karena dokter memerlukan informasi lebih lengkap, pemeriksaan fisik, ataupun pemeriksaan penunjang lainnya.\u003c/p\u003e\n\u003cp\u003eBeberapa tips yang dapat anda lakukan antaralain:\u003c/p\u003e\n\u003cul\u003e\n\u003cli\u003eMengurangi stres atau kecemasan yang berlebihan\u003c/li\u003e\n\u003cli\u003eLakukan aktivitas yang merelaksasi pikiran sebelum tidur seperti mandi air hangat atau membaca buku\u003c/li\u003e\n\u003cli\u003eHindari mengonsumsi minuman beralkohol dan minuman berkafein sebelum tidur\u003c/li\u003e\n\u003cli\u003eMembuat suasana kamar yang nyaman untuk tidur pada malam hari\u003c/li\u003e\n\u003cli\u003eMiliki pola tidur yang tetap\u003c/li\u003e\n\u003cli\u003eJika menemukan adik anda dalam kondisi tidur berjalan, anda dapat membimbing adik anda agar dapat kembali tidur, dan hindari berteriak atau mengejutkan adik anda\u003c/li\u003e\n\u003cli\u003eAnda juga dapat membuat tambahan pengaman di tiap sisi tempat tidur untuk mencegah mereka turun dari tempat tidur\u003c/li\u003e\n\u003c/ul\u003e\n\u003cp\u003eSemoga informasi ini dapat bermanfaat untuk Anda.\u003c/p\u003e\n\n""","15 Mei 2019, 11:19",dr. Filemon
gangguan tidur berjalan,https://www.alodokter.com/komunitas/topic/tidur-sambil-berjalan-membuka-mata-sambil-melotot-dan-berbicara,Tidur sambil berjalan disertai mata membuka dan berbicara,"""\u003cp\u003eHalo dok, saya berumur 11 tahun, saya menderita penyakit bangun saat tidur dan saya tidak menyadari hal itu. Saya pernah bangun sambil melotot, berbicara, dan berjalan kata ortu saya, keesokan harinya ortu saya menceritakan hal itu kepada saya. Tolong bantu saya atas penyakit ini ya dok, thanks.\u003c/p\u003e""","23 Maret 2018, 19:56",Answer not found,Answer date not found,Doctor not found
